season,accuracy
1,0.5
2,0.8571428571428571
3,1.0
4,1.0
5,0.7777777777777778
6,1.0
7,0.8888888888888888
8,1.0
9,0.8888888888888888
10,1.0
11,0.6666666666666666
12,1.0
13,1.0
14,0.8888888888888888
15,0.8888888888888888
16,0.8
17,0.9090909090909091
18,0.6
19,1.0
20,0.8888888888888888
21,0.6363636363636364
22,1.0
23,0.8181818181818182
24,0.7777777777777778
25,0.9
26,1.0
27,0.875
28,0.9
29,0.9
30,0.8888888888888888
31,0.7777777777777778
32,0.8888888888888888
33,1.0
34,0.9
